{"best/epoch": 296, "best/precision": 0.6530252421881664, "best/recall": 0.8495529048246441, "best/mAP_0.5": 0.7839514135090933, "best/mAP_0.5:0.95": 0.7520783547485624, "Labels": {"_type": "images/separated", "width": 1600, "height": 1600, "format": "jpg", "count": 2, "filenames": ["media/images/Labels_0_99a6be17d15ecbab716c.jpg", "media/images/Labels_0_42b25f9953843bdfdcff.jpg"], "captions": ["labels.jpg", "labels_correlogram.jpg"]}, "train/box_loss": 0.012468799017369747, "train/obj_loss": 0.014913314022123814, "train/cls_loss": 0.023621952161192894, "metrics/precision": 0.6489265729274006, "metrics/recall": 0.8496068793607118, "metrics/mAP_0.5": 0.7845093182457493, "metrics/mAP_0.5:0.95": 0.7526253528879305, "val/box_loss": 0.007507925387471914, "val/obj_loss": 0.00681605190038681, "val/cls_loss": 0.017768289893865585, "x/lr0": 0.00016600000000000043, "x/lr1": 0.00016600000000000043, "x/lr2": 0.00016600000000000043, "_timestamp": 1657384521, "_runtime": 22180, "_step": 300, "Mosaics": {"_type": "images/separated", "width": 1920, "height": 1920, "format": "jpg", "count": 3, "filenames": ["media/images/Mosaics_1_0f891a7582adc1cc3aee.jpg", "media/images/Mosaics_1_f7b5989dbf4819fb6112.jpg", "media/images/Mosaics_1_ba4848cc3b7d29b0a20e.jpg"], "captions": ["train_batch0.jpg", "train_batch1.jpg", "train_batch2.jpg"]}, "BoundingBoxDebugger": {"_type": "images/separated", "width": 672, "height": 672, "format": "png", "count": 16, "filenames": ["media/images/BoundingBoxDebugger_299_d783390a15d206595b32.png", "media/images/BoundingBoxDebugger_299_8b7cae070c77c134cd87.png", "media/images/BoundingBoxDebugger_299_c0a9273bf4af80a6102d.png", "media/images/BoundingBoxDebugger_299_926b8a11132265ad8072.png", "media/images/BoundingBoxDebugger_299_da3646367f8f5a32841b.png", "media/images/BoundingBoxDebugger_299_dd2480e0eb2c2235831e.png", "media/images/BoundingBoxDebugger_299_7e86c30281624499e14f.png", "media/images/BoundingBoxDebugger_299_bd4b480c3ab3830a5902.png", "media/images/BoundingBoxDebugger_299_55f9b0edefc947bf5f38.png", "media/images/BoundingBoxDebugger_299_8f32f9cf2f6f16dee3c9.png", "media/images/BoundingBoxDebugger_299_c95a760b7b1dfa35176e.png", "media/images/BoundingBoxDebugger_299_96bb55faf64d17a8210b.png", "media/images/BoundingBoxDebugger_299_c828d4391af1346f9ae1.png", "media/images/BoundingBoxDebugger_299_79ee3b465c1565ef3e93.png", "media/images/BoundingBoxDebugger_299_39de94e6415050efe735.png", "media/images/BoundingBoxDebugger_299_ccc4a5b927b5a30d331f.png"], "captions": ["IMG_1989.JPG", "IMG_2047.JPG", "IMG_2046.JPG", "IMG_2045.JPG", "IMG_2044.JPG", "IMG_2043.JPG", "IMG_2042.JPG", "IMG_2041.JPG", "IMG_2048.JPG", "IMG_2040.JPG", "IMG_2038.JPG", "IMG_2037.JPG", "IMG_2036.JPG", "IMG_2035.JPG", "IMG_2034.JPG", "IMG_2033.JPG"], "all_boxes": [{"predictions": {"_type": "boxes2D", "sha256": "28e11b2a98adb495bc11ca03d125237e134074410a06f90fa2923466faf54cb8", "size": 4166, "path": "media/metadata/boxes2D/BoundingBoxDebugger_299_28e11b2a98adb495bc11.boxes2D.json"}}, {"predictions": {"_type": "boxes2D", "sha256": "d1f8f5e7f68fcd1eaaba8bc4ecbc81e4da09a5594669ebfc9fdd4992ba66ffea", "size": 6095, "path": "media/metadata/boxes2D/BoundingBoxDebugger_299_d1f8f5e7f68fcd1eaaba.boxes2D.json"}}, {"predictions": {"_type": "boxes2D", "sha256": "1e2643770121684b48100743203ebc88eaa62c64758130b2665d59b6287ee07d", "size": 19703, "path": "media/metadata/boxes2D/BoundingBoxDebugger_299_1e2643770121684b4810.boxes2D.json"}}, {"predictions": {"_type": "boxes2D", "sha256": "fed2536cc6c4b65d7e9af52b3ddbcc166517bd02fff5a369960bd8f18226114a", "size": 12579, "path": "media/metadata/boxes2D/BoundingBoxDebugger_299_fed2536cc6c4b65d7e9a.boxes2D.json"}}, {"predictions": {"_type": "boxes2D", "sha256": "852eb896153d3d299fbb132e520019b5d72cb7aa447954aa615505174bc8e473", "size": 19959, "path": "media/metadata/boxes2D/BoundingBoxDebugger_299_852eb896153d3d299fbb.boxes2D.json"}}, {"predictions": {"_type": "boxes2D", "sha256": "0841e4ea4b618f2342db2704aca9a9c13d28ffeafb4ccf8fcef4f0377ebe2a95", "size": 39546, "path": "media/metadata/boxes2D/BoundingBoxDebugger_299_0841e4ea4b618f2342db.boxes2D.json"}}, {"predictions": {"_type": "boxes2D", "sha256": "4707c62b6b52fde39328715cb22f0708d733154f5a26c91861e50afeb0d30582", "size": 15052, "path": "media/metadata/boxes2D/BoundingBoxDebugger_299_4707c62b6b52fde39328.boxes2D.json"}}, {"predictions": {"_type": "boxes2D", "sha256": "2b76663d2562a75fa7cfbe11b3a5feeafebd1dec560b41b35409070bc5e7e89d", "size": 21297, "path": "media/metadata/boxes2D/BoundingBoxDebugger_299_2b76663d2562a75fa7cf.boxes2D.json"}}, {"predictions": {"_type": "boxes2D", "sha256": "475517e57774592c17369b31c98c715f15b6d9e37556c5bee697e22cffc387df", "size": 11895, "path": "media/metadata/boxes2D/BoundingBoxDebugger_299_475517e57774592c1736.boxes2D.json"}}, {"predictions": {"_type": "boxes2D", "sha256": "cac6735ca88bc1dd8c804b94e8626006d9b8c184772c131053168bb9b2b7baa1", "size": 12586, "path": "media/metadata/boxes2D/BoundingBoxDebugger_299_cac6735ca88bc1dd8c80.boxes2D.json"}}, {"predictions": {"_type": "boxes2D", "sha256": "ddd1e9da023f67e4078072e431a4de6ae874e3dcec175a61b5cde284497c367f", "size": 26968, "path": "media/metadata/boxes2D/BoundingBoxDebugger_299_ddd1e9da023f67e40780.boxes2D.json"}}, {"predictions": {"_type": "boxes2D", "sha256": "9e8c2f956c9cf2e4d186d06369a94e3f0f9d3fe9e0c40005bc9ad970da502eba", "size": 16542, "path": "media/metadata/boxes2D/BoundingBoxDebugger_299_9e8c2f956c9cf2e4d186.boxes2D.json"}}, {"predictions": {"_type": "boxes2D", "sha256": "75a7b228c92c0b072ea0c0fb203e5b15e4fab46c2d374237ad61321d296c45c7", "size": 12626, "path": "media/metadata/boxes2D/BoundingBoxDebugger_299_75a7b228c92c0b072ea0.boxes2D.json"}}, {"predictions": {"_type": "boxes2D", "sha256": "bb84d3ff93593bc61e10f98cde7a986e5eb3b15dc2b7119cd6f8721048ee1685", "size": 15796, "path": "media/metadata/boxes2D/BoundingBoxDebugger_299_bb84d3ff93593bc61e10.boxes2D.json"}}, {"predictions": {"_type": "boxes2D", "sha256": "3ee69e543c07d9f2b9ed12442528896d8b8f780dc319751fa0dfc1a8ca3c2b5f", "size": 9244, "path": "media/metadata/boxes2D/BoundingBoxDebugger_299_3ee69e543c07d9f2b9ed.boxes2D.json"}}, {"predictions": {"_type": "boxes2D", "sha256": "d29e0c540b8b172c2a50e05e5a7811b2f891b8f31db9e22638635ba0356e79a4", "size": 13635, "path": "media/metadata/boxes2D/BoundingBoxDebugger_299_d29e0c540b8b172c2a50.boxes2D.json"}}]}, "Validation": {"_type": "images/separated", "width": 1920, "height": 1920, "format": "jpg", "count": 6, "filenames": ["media/images/Validation_300_5f83616ae141a24a8311.jpg", "media/images/Validation_300_83ef5237a841494fed98.jpg", "media/images/Validation_300_50080048d9d13edb8cd9.jpg", "media/images/Validation_300_b6cf924c205e53164d34.jpg", "media/images/Validation_300_78341bbe9a570be54cd4.jpg", "media/images/Validation_300_cdcc9554bb6fdc8e0719.jpg"], "captions": ["val_batch0_labels.jpg", "val_batch0_pred.jpg", "val_batch1_labels.jpg", "val_batch1_pred.jpg", "val_batch2_labels.jpg", "val_batch2_pred.jpg"]}, "Results": {"_type": "images/separated", "width": 2400, "height": 1200, "format": "png", "count": 6, "filenames": ["media/images/Results_300_94908d50d79c7c7f7d44.png", "media/images/Results_300_6fd53be3a124ca5e2d39.png", "media/images/Results_300_b5369924477ad03caeca.png", "media/images/Results_300_42bc7c3c99de2c7d15ca.png", "media/images/Results_300_8e013c91d820d30a744d.png", "media/images/Results_300_76120f2beca7808407fe.png"], "captions": ["results.png", "confusion_matrix.png", "F1_curve.png", "PR_curve.png", "P_curve.png", "R_curve.png"]}, "_wandb": {"runtime": 22178}}